SRR8309425,SRR8309425
SRR8309426,SRR8309426
SRR8309427,SRR8309427
SRR8309428,SRR8309428
SRR8309429,SRR8309429
SRR8309430,SRR8309430
SRR8309431,SRR8309431
SRR8309432,SRR8309432
SRR8309433,SRR8309433
SRR8309434,SRR8309434
SRR8309435,SRR8309435
SRR8309436,SRR8309436
SRR8309437,SRR8309437
SRR8309438,SRR8309438
SRR8309439,SRR8309439
SRR8309440,SRR8309440
SRR8309441,SRR8309441
SRR8309442,SRR8309442
SRR8309443,SRR8309443
SRR8309444,SRR8309444
SRR8309445,SRR8309445
SRR8309446,SRR8309446
SRR8309447,SRR8309447
SRR8309448,SRR8309448
SRR8309449,SRR8309449
SRR8309450,SRR8309450
SRR8309451,SRR8309451
SRR8309452,SRR8309452
SRR8309453,SRR8309453
SRR8309454,SRR8309454
SRR8309455,SRR8309455
SRR8309456,SRR8309456
SRR8309457,SRR8309457
SRR8309458,SRR8309458
SRR8309459,SRR8309459
SRR8309460,SRR8309460
SRR8309461,SRR8309461
SRR8309462,SRR8309462
SRR8309463,SRR8309463
SRR8309464,SRR8309464
SRR8309465,SRR8309465
SRR8309466,SRR8309466
SRR8309467,SRR8309467
SRR8309468,SRR8309468
SRR8309469,SRR8309469
SRR8309470,SRR8309470
SRR8309471,SRR8309471
SRR8309472,SRR8309472
SRR8309473,SRR8309473
SRR8309474,SRR8309474
SRR8309475,SRR8309475
SRR8309476,SRR8309476
SRR8309477,SRR8309477
SRR8309478,SRR8309478
SRR8309479,SRR8309479
SRR8309480,SRR8309480
SRR8309481,SRR8309481
SRR8309482,SRR8309482
SRR8309483,SRR8309483
SRR8309484,SRR8309484
SRR8309485,SRR8309485
SRR8309486,SRR8309486
SRR8309487,SRR8309487
SRR8309488,SRR8309488
SRR8309489,SRR8309489
SRR8309490,SRR8309490
SRR8309491,SRR8309491
SRR8309492,SRR8309492
SRR8309493,SRR8309493
SRR8309494,SRR8309494
SRR8309495,SRR8309495
SRR8309496,SRR8309496
SRR8309497,SRR8309497
SRR8309498,SRR8309498
SRR8309499,SRR8309499
SRR8309500,SRR8309500
SRR8309501,SRR8309501
SRR8309502,SRR8309502
SRR8309503,SRR8309503
SRR8309504,SRR8309504
SRR8309505,SRR8309505
SRR8309506,SRR8309506
SRR8309507,SRR8309507
SRR8309508,SRR8309508
SRR8309509,SRR8309509
SRR8309510,SRR8309510
SRR8309511,SRR8309511
SRR8309512,SRR8309512
SRR8309513,SRR8309513
SRR8309514,SRR8309514
SRR8309515,SRR8309515
SRR8309516,SRR8309516
SRR8309517,SRR8309517
SRR8309518,SRR8309518
SRR8309519,SRR8309519
SRR8309520,SRR8309520
SRR8309521,SRR8309521
SRR8309522,SRR8309522
SRR8309523,SRR8309523
SRR8309524,SRR8309524
SRR8309525,SRR8309525
SRR8309526,SRR8309526
SRR8309527,SRR8309527
SRR8309528,SRR8309528
SRR8309529,SRR8309529
SRR8309530,SRR8309530
SRR8309531,SRR8309531
SRR8309532,SRR8309532
SRR8309533,SRR8309533
SRR8309534,SRR8309534
SRR8309535,SRR8309535
SRR8309536,SRR8309536
SRR8309537,SRR8309537
SRR8309538,SRR8309538
SRR8309539,SRR8309539
SRR8309540,SRR8309540
SRR8309541,SRR8309541
SRR8309542,SRR8309542
SRR8309543,SRR8309543
SRR8309544,SRR8309544
SRR8309545,SRR8309545
SRR8309546,SRR8309546
SRR8309547,SRR8309547
SRR8309548,SRR8309548
SRR8309549,SRR8309549
SRR8309550,SRR8309550
SRR8309551,SRR8309551
SRR8309552,SRR8309552
SRR8309553,SRR8309553
SRR8309554,SRR8309554
SRR8309555,SRR8309555
SRR8309556,SRR8309556
SRR8309557,SRR8309557
SRR8309558,SRR8309558
SRR8309559,SRR8309559
SRR8309560,SRR8309560
SRR8309561,SRR8309561
SRR8309562,SRR8309562
SRR8309563,SRR8309563
SRR8309564,SRR8309564
SRR8309565,SRR8309565
SRR8309566,SRR8309566
SRR8309567,SRR8309567
SRR8309568,SRR8309568
SRR8309569,SRR8309569
SRR8309570,SRR8309570
SRR8309571,SRR8309571
SRR8309572,SRR8309572
SRR8309573,SRR8309573
SRR8309574,SRR8309574
SRR8309575,SRR8309575
SRR8309576,SRR8309576
SRR8309577,SRR8309577
SRR8309578,SRR8309578
SRR8309579,SRR8309579
SRR8309580,SRR8309580
SRR8309581,SRR8309581
SRR8309582,SRR8309582
SRR8309583,SRR8309583
SRR8309584,SRR8309584
SRR8309585,SRR8309585
SRR8309586,SRR8309586
SRR8309587,SRR8309587
SRR8309588,SRR8309588
SRR8309589,SRR8309589
SRR8309590,SRR8309590
SRR8309591,SRR8309591
SRR8309592,SRR8309592
SRR8309593,SRR8309593
SRR8309594,SRR8309594
SRR8309595,SRR8309595
SRR8309596,SRR8309596
SRR8309597,SRR8309597
SRR8309598,SRR8309598
SRR8309599,SRR8309599
SRR8309600,SRR8309600
SRR8309601,SRR8309601
SRR8309602,SRR8309602
SRR8309603,SRR8309603
SRR8309604,SRR8309604
SRR8309605,SRR8309605
SRR8309606,SRR8309606
SRR8309607,SRR8309607
SRR8309608,SRR8309608
SRR8309609,SRR8309609
SRR8309610,SRR8309610
SRR8309611,SRR8309611
SRR8309612,SRR8309612
SRR8309613,SRR8309613
SRR8309614,SRR8309614
SRR8309615,SRR8309615
SRR8309616,SRR8309616
SRR8309617,SRR8309617
SRR8309618,SRR8309618
SRR8309619,SRR8309619
SRR8309620,SRR8309620
SRR8309621,SRR8309621
SRR8309622,SRR8309622
SRR8309623,SRR8309623
SRR8309624,SRR8309624
SRR8309625,SRR8309625
SRR8309626,SRR8309626
SRR8309627,SRR8309627
SRR8309628,SRR8309628
SRR8309629,SRR8309629
SRR8309630,SRR8309630
SRR8309631,SRR8309631
SRR8309632,SRR8309632
SRR8309633,SRR8309633
SRR8309634,SRR8309634
SRR8309635,SRR8309635
SRR8309636,SRR8309636
SRR8309637,SRR8309637
SRR8309638,SRR8309638
SRR8309639,SRR8309639
SRR8309640,SRR8309640
SRR8309641,SRR8309641
SRR8309642,SRR8309642
SRR8309643,SRR8309643
SRR8309644,SRR8309644
SRR8309645,SRR8309645
SRR8309646,SRR8309646
SRR8309647,SRR8309647
SRR8309648,SRR8309648
SRR8309649,SRR8309649
SRR8309650,SRR8309650
SRR8309651,SRR8309651
SRR8309652,SRR8309652
SRR8309653,SRR8309653
SRR8309654,SRR8309654
SRR8309655,SRR8309655
SRR8309656,SRR8309656
SRR8309657,SRR8309657
SRR8309658,SRR8309658
SRR8309659,SRR8309659
SRR8309660,SRR8309660
SRR8309661,SRR8309661
SRR8309662,SRR8309662
SRR8309663,SRR8309663
SRR8309664,SRR8309664
SRR8309665,SRR8309665
SRR8309666,SRR8309666
SRR8309667,SRR8309667
SRR8309668,SRR8309668
SRR8309669,SRR8309669
SRR8309670,SRR8309670
SRR8309671,SRR8309671
SRR8309672,SRR8309672
SRR8309673,SRR8309673
SRR8309674,SRR8309674
SRR8309675,SRR8309675
SRR8309676,SRR8309676
SRR8309677,SRR8309677
SRR8309678,SRR8309678
SRR8309679,SRR8309679
SRR8309680,SRR8309680
SRR8309681,SRR8309681
SRR8309682,SRR8309682
SRR8309683,SRR8309683
SRR8309684,SRR8309684
SRR8309685,SRR8309685
SRR8309686,SRR8309686
SRR8309687,SRR8309687
SRR8309688,SRR8309688
SRR8309689,SRR8309689
SRR8309690,SRR8309690
SRR8309691,SRR8309691
SRR8309692,SRR8309692
SRR8309693,SRR8309693
SRR8309694,SRR8309694
SRR8309695,SRR8309695
SRR8309696,SRR8309696
SRR8309697,SRR8309697
SRR8309698,SRR8309698
SRR8309699,SRR8309699
SRR8309700,SRR8309700
SRR8309701,SRR8309701
SRR8309702,SRR8309702
SRR8309703,SRR8309703
SRR8309704,SRR8309704
SRR8309705,SRR8309705
SRR8309706,SRR8309706
SRR8309707,SRR8309707
SRR8309708,SRR8309708
SRR8309709,SRR8309709
SRR8309710,SRR8309710
SRR8309711,SRR8309711
SRR8309712,SRR8309712
SRR8309713,SRR8309713
SRR8309714,SRR8309714
SRR8309715,SRR8309715
SRR8309716,SRR8309716
SRR8309717,SRR8309717
SRR8309718,SRR8309718
SRR8309719,SRR8309719
SRR8309720,SRR8309720
SRR8309721,SRR8309721
SRR8309722,SRR8309722
SRR8309723,SRR8309723
SRR8309724,SRR8309724
SRR8309725,SRR8309725
SRR8309726,SRR8309726
SRR8309727,SRR8309727
SRR8309728,SRR8309728
SRR8309729,SRR8309729
SRR8309730,SRR8309730
SRR8309731,SRR8309731
SRR8309732,SRR8309732
SRR8309733,SRR8309733
SRR8309734,SRR8309734
SRR8309735,SRR8309735
SRR8309736,SRR8309736
SRR8309737,SRR8309737
SRR8309738,SRR8309738
SRR8309739,SRR8309739
SRR8309740,SRR8309740
SRR8309741,SRR8309741
SRR8309742,SRR8309742
SRR8309743,SRR8309743
SRR8309744,SRR8309744
SRR8309745,SRR8309745
SRR8309746,SRR8309746
SRR8309747,SRR8309747
SRR8309748,SRR8309748
SRR8309749,SRR8309749
SRR8309750,SRR8309750
SRR8309751,SRR8309751
SRR8309752,SRR8309752
SRR8309753,SRR8309753
SRR8309754,SRR8309754
SRR8309755,SRR8309755
SRR8309756,SRR8309756
SRR8309757,SRR8309757
SRR8309758,SRR8309758
SRR8309759,SRR8309759
SRR8309760,SRR8309760
SRR8309761,SRR8309761
SRR8309762,SRR8309762
SRR8309763,SRR8309763
SRR8309764,SRR8309764
SRR8309765,SRR8309765
SRR8309766,SRR8309766
SRR8309767,SRR8309767
SRR8309768,SRR8309768
SRR8309769,SRR8309769
SRR8309770,SRR8309770
SRR8309771,SRR8309771
SRR8309772,SRR8309772
SRR8309773,SRR8309773
SRR8309774,SRR8309774
SRR8309775,SRR8309775
SRR8309776,SRR8309776
SRR8309777,SRR8309777
SRR8309778,SRR8309778
SRR8309779,SRR8309779
SRR8309780,SRR8309780
SRR8309781,SRR8309781
SRR8309782,SRR8309782
SRR8309783,SRR8309783
SRR8309784,SRR8309784
SRR8309785,SRR8309785
SRR8309786,SRR8309786
SRR8309787,SRR8309787
SRR8309788,SRR8309788
SRR8309789,SRR8309789
SRR8309790,SRR8309790
SRR8309791,SRR8309791
SRR8309792,SRR8309792
SRR8309793,SRR8309793
SRR8309794,SRR8309794
SRR8309795,SRR8309795
SRR8309796,SRR8309796
SRR8309797,SRR8309797
SRR8309798,SRR8309798
SRR8309799,SRR8309799
SRR8309800,SRR8309800
SRR8309801,SRR8309801
SRR8309802,SRR8309802
SRR8309803,SRR8309803
SRR8309804,SRR8309804
SRR8309805,SRR8309805
SRR8309806,SRR8309806
SRR8309807,SRR8309807
SRR8309808,SRR8309808
SRR8309809,SRR8309809
SRR8309810,SRR8309810
SRR8309811,SRR8309811
SRR8309812,SRR8309812
SRR8309813,SRR8309813
SRR8309814,SRR8309814
SRR8309815,SRR8309815
SRR8309816,SRR8309816
SRR8309817,SRR8309817
SRR8309818,SRR8309818
SRR8309819,SRR8309819
SRR8309820,SRR8309820
SRR8309821,SRR8309821
SRR8309822,SRR8309822
SRR8309823,SRR8309823
SRR8309824,SRR8309824
SRR8309825,SRR8309825
SRR8309826,SRR8309826
SRR8309827,SRR8309827
SRR8309828,SRR8309828
SRR8309829,SRR8309829
SRR8309830,SRR8309830
SRR8309831,SRR8309831
SRR8309832,SRR8309832
SRR8309833,SRR8309833
SRR8309834,SRR8309834
SRR8309835,SRR8309835
SRR8309836,SRR8309836
SRR8309837,SRR8309837
SRR8309838,SRR8309838
SRR11614305,SRR11614305
SRR11614306,SRR11614306
SRR11614307,SRR11614307
SRR11614308,SRR11614308
SRR11614309,SRR11614309
SRR11614310,SRR11614310
SRR1168700,SRR1168700
SRR1168701,SRR1168701
SRR1168704,SRR1168704
SRR1168706,SRR1168706
SRR1168708,SRR1168708
SRR3722267,SRR3722267
SRR3722268,SRR3722268
SRR3722269,SRR3722269
SRR3722270,SRR3722270
SRR3722271,SRR3722271
SRR3722272,SRR3722272
SRR3722273,SRR3722273
SRR3722274,SRR3722274
SRR3722275,SRR3722275
SRR3722276,SRR3722276
SRR3722277,SRR3722277
SRR3722278,SRR3722278
SRR3722279,SRR3722279
SRR3722280,SRR3722280
SRR3722281,SRR3722281
SRR3722282,SRR3722282
SRR11541075,SRR11541075
SRR11541077,SRR11541077
SRR11541084,SRR11541084
SRR11541086,SRR11541086
SRR11541087,SRR11541087
SRR11541089,SRR11541089
SRR11541090,SRR11541090
SRR11541092,SRR11541092
SRR11541076,SRR11541076
SRR11541085,SRR11541085
SRR11541088,SRR11541088
SRR11541091,SRR11541091
SRR11541093,SRR11541093
SRR1168698,SRR1168698
SRR1168699,SRR1168699
SRR1168702,SRR1168702
SRR1168703,SRR1168703
SRR1168705,SRR1168705
SRR1168707,SRR1168707
SRR1168709,SRR1168709
